Month,Age,Occupation,Annual_Income,Monthly_Inhand_Salary,Num_Bank_Accounts,Num_Credit_Card,Interest_Rate,Num_of_Loan,Type_of_Loan,Delay_from_due_date,Num_of_Delayed_Payment,Changed_Credit_Limit,Num_Credit_Inquiries,Credit_Mix,Outstanding_Debt,Credit_Utilization_Ratio,Credit_History_Age,Payment_of_Min_Amount,Total_EMI_per_month,Amount_invested_monthly,Payment_Behaviour,Monthly_Balance,Credit_Score
January,23,Scientist,19114.12,1824.8433333333328,3,4,3,4,"Auto Loan, Credit-Builder Loan, Personal Loan, and Home Equity Loan",3,7,11.27,4.0,_,809.98,26.822619623699016,22 Years and 1 Months,No,49.57494921489417,80.41529543900253,High_spent_Small_value_payments,312.49408867943663,Good
February,23,Scientist,19114.12,,3,4,3,4,"Auto Loan, Credit-Builder Loan, Personal Loan, and Home Equity Loan",-1,,11.27,4.0,Good,809.98,31.94496005538421,,No,49.57494921489417,118.28022162236736,Low_spent_Large_value_payments,284.62916249607184,Good
March,-500,Scientist,19114.12,,3,4,3,4,"Auto Loan, Credit-Builder Loan, Personal Loan, and Home Equity Loan",3,7,_,4.0,Good,809.98,28.60935202206993,22 Years and 3 Months,No,49.57494921489417,81.699521264648,Low_spent_Medium_value_payments,331.2098628537912,Good
April,23,Scientist,19114.12,,3,4,3,4,"Auto Loan, Credit-Builder Loan, Personal Loan, and Home Equity Loan",5,4,6.27,4.0,Good,809.98,31.37786186958235,22 Years and 4 Months,No,49.57494921489417,199.4580743910713,Low_spent_Small_value_payments,223.45130972736783,Good
May,23,Scientist,19114.12,1824.8433333333328,3,4,3,4,"Auto Loan, Credit-Builder Loan, Personal Loan, and Home Equity Loan",6,,11.27,4.0,Good,809.98,24.797346908844982,22 Years and 5 Months,No,49.57494921489417,41.420153086217326,High_spent_Medium_value_payments,341.48923103222177,Good
June,23,Scientist,19114.12,,3,4,3,4,"Auto Loan, Credit-Builder Loan, Personal Loan, and Home Equity Loan",8,4,9.27,4.0,Good,809.98,27.26225871052017,22 Years and 6 Months,No,49.57494921489417,62.430172331195294,!@9#%8,340.4792117872438,Good
July,23,Scientist,19114.12,1824.8433333333328,3,4,3,4,"Auto Loan, Credit-Builder Loan, Personal Loan, and Home Equity Loan",3,8_,11.27,4.0,Good,809.98,22.53759303178384,22 Years and 7 Months,No,49.57494921489417,178.3440674122349,Low_spent_Small_value_payments,244.5653167062043,Good
August,23,Scientist,19114.12,1824.8433333333328,3,4,3,4,"Auto Loan, Credit-Builder Loan, Personal Loan, and Home Equity Loan",3,6,11.27,4.0,Good,809.98,23.93379480196552,,No,49.57494921489417,24.785216509052056,High_spent_Medium_value_payments,358.12416760938714,Standard
January,28_,_______,34847.84,3037.986666666666,2,4,6,1,Credit-Builder Loan,3,4,5.42,2.0,Good,605.03,24.46403063758457,26 Years and 7 Months,No,18.816214573128885,104.291825168246,Low_spent_Small_value_payments,470.69062692529184,Standard
February,28,Teacher,34847.84,3037.986666666666,2,4,6,1,Credit-Builder Loan,7,1,7.42,2.0,Good,605.03,38.550848433956325,26 Years and 8 Months,No,18.816214573128885,40.39123782853101,High_spent_Large_value_payments,484.5912142650067,Good
March,28,Teacher,34847.84_,3037.986666666666,2,1385,6,1,Credit-Builder Loan,3,-1,5.42,2.0,_,605.03,33.22495078663659,26 Years and 9 Months,No,18.816214573128885,58.51597569589465,High_spent_Large_value_payments,466.46647639764313,Standard
April,28,Teacher,34847.84,,2,4,6,1,Credit-Builder Loan,3,3_,5.42,2.0,Good,605.03,39.18265565546884,26 Years and 10 Months,No,18.816214573128885,99.30622796053305,Low_spent_Medium_value_payments,465.6762241330048,Good
May,28,Teacher,34847.84,3037.986666666666,2,4,6,1,Credit-Builder Loan,3,1,6.42,2.0,Good,605.03,34.97789474709241,26 Years and 11 Months,No,18.816214573128885,130.11542024292334,Low_spent_Small_value_payments,444.8670318506144,Good
June,28,Teacher,34847.84,3037.986666666666,2,4,6,1,Credit-Builder Loan,3,0,5.42,2.0,Good,605.03,33.38101020065065,27 Years and 0 Months,No,18.816214573128885,43.477190144355745,High_spent_Large_value_payments,481.505261949182,Good
July,28,Teacher,34847.84,,2,4,6,1,Credit-Builder Loan,3,4,5.42,2.0,Good,605.03,31.131701611553307,27 Years and 1 Months,NM,18.816214573128885,70.10177420755677,High_spent_Medium_value_payments,464.8806778859809,Good
August,28,Teacher,34847.84,3037.986666666666,2,4,6,1,Credit-Builder Loan,3,4,5.42,2.0,Good,605.03,32.933856293622235,27 Years and 2 Months,No,18.816214573128885,218.90434353388733,Low_spent_Small_value_payments,356.07810855965045,Good
January,34,_______,143162.64,12187.22,1,5,8,3,"Auto Loan, Auto Loan, and Not Specified",5,8,7.1,3.0,Good,1303.01,28.616734823006844,17 Years and 9 Months,No,246.9923194537421,168.413702679309,!@9#%8,1043.3159778669492,Good
February,34,Engineer,143162.64,12187.22,1,5,8,3,"Auto Loan, Auto Loan, and Not Specified",13,6,7.1,3.0,Good,1303.01,41.70257342393906,17 Years and 10 Months,No,246.9923194537421,232.86038375993544,High_spent_Small_value_payments,998.8692967863226,Good
March,34,_______,143162.64,,1,5,8,3,"Auto Loan, Auto Loan, and Not Specified",8,7,11.1,,Good,1303.01,26.519815391546494,17 Years and 11 Months,No,246.9923194537421,__10000__,High_spent_Small_value_payments,715.741367403555,Good
April,34,Engineer,143162.64,12187.22,1,5,8,3,"Auto Loan, Auto Loan, and Not Specified",8,5,9.1,3.0,_,1303.01,39.50164810812735,,No,246.9923194537421,825.2162699393922,Low_spent_Medium_value_payments,426.5134106068658,Good
May,34,_______,143162.64,12187.22,1,5,8,3,"Auto Loan, Auto Loan, and Not Specified",10,5,7.1,3.0,Good,1303.01,31.37614957421204,18 Years and 1 Months,No,246.9923194537421,430.9475278803298,Low_spent_Large_value_payments,810.7821526659284,Good
June,34,Engineer,143162.64,12187.22,1,5,8,967,"Auto Loan, Auto Loan, and Not Specified",8,6,7.1,3.0,Good,1303.01,39.783993458021186,18 Years and 2 Months,No,246.9923194537421,257.80809942568976,High_spent_Medium_value_payments,963.9215811205684,Good
July,34,Engineer,143162.64,12187.22,1,5,8,3,"Auto Loan, Auto Loan, and Not Specified",8,6,7.1,3.0,Good,1303.01,38.068623627698585,18 Years and 3 Months,No,246.9923194537421,263.17416316163934,High_spent_Small_value_payments,968.5555173846188,Standard
August,34,Engineer,143162.64,12187.22,1,5,8,3,"Auto Loan, Auto Loan, and Not Specified",8,6,7.1,3.0,Good,1303.01,38.37475294778511,18 Years and 4 Months,No,246.9923194537421,__10000__,High_spent_Small_value_payments,895.494583180492,Standard
January,54,Entrepreneur,30689.89,2612.4908333333333,2,5,4,1,Not Specified,0,6,1.99,4.0,Good,632.46,26.54422872407309,17 Years and 3 Months,No,16.415451659824875,81.22885871073616,Low_spent_Large_value_payments,433.6047729627723,Standard
February,54,Entrepreneur,30689.89,2612.4908333333333,2,5,4,1,Not Specified,5,3,1.99,4.0,Good,632.46,35.279981779008544,17 Years and 4 Months,No,16.415451659824875,124.88181990234848,Low_spent_Small_value_payments,409.9518117711599,Standard
March,55,Entrepreneur,30689.89,2612.4908333333333,2,5,4,1,Not Specified,3,9,1.99,4.0,Good,632.46,32.30116343180253,17 Years and 5 Months,NM,16.415451659824875,83.40650880252501,High_spent_Medium_value_payments,411.42712287098345,Standard
April,55,Entrepreneur,30689.89_,2612.4908333333333,2,5,4,1,Not Specified,7,6,-2.01,4.0,Good,632.46,38.132348192570056,17 Years and 6 Months,No,16.415451659824875,272.3340373956682,Low_spent_Small_value_payments,262.4995942778403,Standard
May,55,Entrepreneur,30689.89,2612.4908333333333,2,5,4,1,Not Specified,5,6,-1.01,4.0,Good,632.46,41.15431654696947,17 Years and 7 Months,No,16.415451659824875,__10000__,Low_spent_Large_value_payments,359.37491550776383,Standard
June,55,_______,30689.89,2612.4908333333333,2,5,4,1,Not Specified,5,6,-3.01,4.0,_,632.46,27.4454217928553,17 Years and 8 Months,No,16.415451659824875,84.95284817115969,High_spent_Small_value_payments,419.8807835023488,Standard
July,55,Entrepreneur,30689.89,2612.4908333333333,2,5,4,1,Not Specified,5,,1.99,4.0,Good,632.46,26.05639527857161,17 Years and 9 Months,No,16.415451659824875,71.28367488286933,Low_spent_Large_value_payments,443.5499567906391,Standard
August,55,Entrepreneur,30689.89,2612.4908333333333,2,5,4,-100,Not Specified,4,9,1.99,4.0,Good,632.46,27.332514927554215,17 Years and 10 Months,No,16.415451659824875,125.61725053231268,High_spent_Small_value_payments,379.21638114119577,Standard
January,21,Developer,35547.71_,2853.3091666666664,7,5,5,0,,5,,2.58,4.0,Standard,943.86,39.797764231999174,30 Years and 8 Months,Yes,0.0,276.72539431736266,!@9#%8,288.60552234930395,Standard
February,21,Developer,35547.71,,7,5,5,0,,9,,2.58,4.0,Standard,943.86,27.02036025389693,30 Years and 9 Months,NM,0.0,74.44364104999623,High_spent_Medium_value_payments,460.8872756166704,Standard
March,21,Developer,35547.71,2853.3091666666664,7,5,5,-100,,5,12,2.58,4.0,Standard,943.86,23.462303036448013,30 Years and 10 Months,Yes,0.0,173.13865100158367,Low_spent_Medium_value_payments,392.1922656650829,Standard
April,21,Developer,35547.71,2853.3091666666664,7,5,5,0,,1,15,2.58,4.0,_,943.86,28.924953778098622,30 Years and 11 Months,Yes,0.0,96.78548508587444,High_spent_Medium_value_payments,438.5454315807922,Standard
May,21,Developer,35547.71,2853.3091666666664,7,5,5,0,,9,17,2.58,4.0,_,943.86,41.77618715055719,31 Years and 0 Months,Yes,0.0,62.72327834435009,High_spent_Small_value_payments,482.6076383223166,Standard
June,21,Developer,35547.71,,7,5,5,0_,,5,15,2.58,4.0,Standard,943.86,29.217556326688413,31 Years and 1 Months,Yes,0.0,37.64363788963997,High_spent_Medium_value_payments,497.6872787770267,Standard
July,21,Developer,35547.71,2853.3091666666664,7,5,5,0,,10,15,2.58,4.0,Standard,943.86,26.263822692130155,31 Years and 2 Months,Yes,0.0,181.0119827315892,Low_spent_Small_value_payments,394.31893393507744,Standard
August,21,Developer,35547.71,2853.3091666666664,7,5,5,-100,,1,15,2.58,4.0,Standard,943.86,25.86292247432155,31 Years and 3 Months,Yes,0.0,181.33090096186916,High_spent_Small_value_payments,364.00001570479753,Standard
January,31,Lawyer,73928.46,,4,1288,8,0,,12,10,10.14,2.0,Good,548.2,39.96268501363903,,No,15015.0,98.67440994166124,High_spent_Large_value_payments,740.1960900583389,Good
February,31,_______,73928.46,5988.705000000001,4,5,8,0,,8,7,10.14,2.0,Good,548.2,42.76986440325711,32 Years and 0 Months,NM,0.0,172.93921446875606,Low_spent_Medium_value_payments,705.931285531244,Good
March,31,Lawyer,73928.46,5988.705000000001,4,5,8,0,,8,7,10.14,2.0,Good,548.2,40.7121865299296,,No,0.0,150.05973429800815,High_spent_Medium_value_payments,698.8107657019921,Good
April,31,Lawyer,73928.46,5988.705000000001,4,5,8,0,,8,7,10.14,2.0,Good,548.2,30.201657705809275,32 Years and 2 Months,No,0.0,618.2023912505837,Low_spent_Small_value_payments,270.66810874941655,Good
May,31,Lawyer,73928.46,5988.705000000001,4,5,5318,0,,11,7,10.14,2.0,_,548.2,26.333310426871012,32 Years and 3 Months,No,0.0,177.95183568608738,Low_spent_Large_value_payments,690.9186643139128,Good
June,31,Lawyer,73928.46,5988.705000000001,4,5,8,0,,7,7,10.14,2.0,Good,548.2,35.2754365244368,,No,15515.0,235.79032503182026,Low_spent_Large_value_payments,633.0801749681799,Good
July,31,Lawyer,73928.46,5988.705000000001,4,5,8,0,,8,4,9.14,2.0,_,548.2,36.62479126183763,32 Years and 5 Months,No,0.0,348.5093995125948,High_spent_Small_value_payments,510.36110048740534,Standard
August,31,Lawyer,73928.46,5988.705000000001,4,5,8,0,,8,7,10.14,,Good,548.2,31.58098966831768,32 Years and 6 Months,No,0.0,42.63559025189578,!@9#%8,796.2349097481042,Good
January,33,Lawyer,131313.4,11242.783333333333,0,1,8,2,"Credit-Builder Loan, and Mortgage Loan",0,3,9.34,2.0,Good,352.16,32.200508995391914,30 Years and 7 Months,NM,137.6446054014217,378.1712535207537,High_spent_Medium_value_payments,858.462474411158,Good
February,34,Lawyer,131313.4,11242.783333333333,0,1,8,2,"Credit-Builder Loan, and Mortgage Loan",-1,2,15.34,4.0,Good,352.16,31.98371000755867,30 Years and 8 Months,No,137.6446054014217,698.8732707169384,High_spent_Small_value_payments,547.7604572149734,Good
March,34,Lawyer,131313.4,10469.207759388815,0,1,8,2,"Credit-Builder Loan, and Mortgage Loan",0,3,9.34,4.0,Good,352.16,31.803134495092273,30 Years and 9 Months,NM,911.2201793459374,188.06432109973838,High_spent_Large_value_payments,1038.5694068321734,Good
April,34,Lawyer,131313.4,10469.207759388815,0,1,8,2,"Credit-Builder Loan, and Mortgage Loan",0,2,8.34,4.0,Good,352.16,42.64578489930634,30 Years and 10 Months,No,23834.0,337.43495631738324,High_spent_Medium_value_payments,899.1987716145285,Good
May,34,Lawyer,131313.4,10469.207759388815,0,1,8,2,"Credit-Builder Loan, and Mortgage Loan",0,4,9.34,4.0,Good,352.16,40.902517150451615,30 Years and 11 Months,No,32662.0,263.3789089320552,High_spent_Large_value_payments,963.2548189998564,Good
June,34,Lawyer,131313.4,,0,1,8,-100,"Credit-Builder Loan, and Mortgage Loan",0,3_,11.34,4.0,Good,352.16,41.98016961054943,31 Years and 0 Months,No,911.2201793459374,86.56638801207531,High_spent_Large_value_payments,1140.0673399198365,Standard
July,34_,Lawyer,10909427.0,,0,1,8,2,"Credit-Builder Loan, and Mortgage Loan",0,2_,9.34,4.0,Good,352.16,26.94756515223988,31 Years and 1 Months,No,911.2201793459374,930.3918977796665,!@9#%8,326.24183015224526,Good
August,34,Lawyer,131313.4,10469.207759388815,0,1,8,2,"Credit-Builder Loan, and Mortgage Loan",0,2,9.34,4.0,Good,352.16,29.187912654166695,31 Years and 2 Months,No,911.2201793459374,870.52238171816,Low_spent_Medium_value_payments,396.1113462137519,Good
January,7580,Media_Manager,34081.38_,,8,7,15,3,"Not Specified, Auto Loan, and Student Loan",30,11,17.13,5.0,Standard,1704.18,24.448062746255477,,NM,70.47833267207261,162.4410091967751,Low_spent_Large_value_payments,298.19215813115227,Poor
February,30,Media_Manager,34081.38,2611.115,8,7,15,3,"Not Specified, Auto Loan, and Student Loan",30,14,17.13,5.0,_,1704.18,35.171160021263034,14 Years and 8 Months,Yes,70.47833267207261,38.4369827577036,High_spent_Large_value_payments,392.19618457022375,Poor
March,30_,Media_Manager,34081.38,,8,7,15,3,"Not Specified, Auto Loan, and Student Loan",31,14,17.13,5.0,Standard,1704.18,35.11155247196594,14 Years and 9 Months,Yes,70.47833267207261,199.7207654954979,Low_spent_Large_value_payments,260.9124018324295,Poor
April,30,_______,34081.38,2611.115,8,7,15,3,"Not Specified, Auto Loan, and Student Loan",34,14,21.13,5.0,_,1704.18,29.76215930632113,14 Years and 10 Months,Yes,70.47833267207261,220.55219192916718,Low_spent_Small_value_payments,260.0809753987602,Poor
May,30,_______,34081.38,2611.115,8,7,15,3,"Not Specified, Auto Loan, and Student Loan",27,14,17.13,5.0,_,1704.18,30.206214222610893,14 Years and 11 Months,Yes,70.47833267207261,,High_spent_Large_value_payments,397.2283547370202,Standard
June,30,Media_Manager,34081.38,2611.115,8,7,15,-100,"Not Specified, Auto Loan, and Student Loan",30,14,18.13,5.0,Standard,1704.18,31.17087232096111,15 Years and 0 Months,Yes,70.47833267207261,,!@9#%8,410.6743660782873,Standard
July,30,Media_Manager,34081.38,,8,7,15,3,"Not Specified, Auto Loan, and Student Loan",30,11,17.13,5.0,Standard,1704.18,38.438505084064886,15 Years and 1 Months,NM,70.47833267207261,55.45978063925893,High_spent_Small_value_payments,395.1733866886683,Standard
August,30,Media_Manager,34081.38,2611.115,8,7,15,3,"Not Specified, Auto Loan, and Student Loan",30,14,17.13,9.0,_,1704.18,33.82348834412097,15 Years and 2 Months,Yes,70.47833267207261,29.32636371091455,High_spent_Medium_value_payments,411.3068036170128,Poor
January,23,Doctor,114838.41,9843.8675,2,5,7,-100,"Personal Loan, Debt Consolidation Loan, and Auto Loan",13,11,8.24,3.0,Good,1377.74,33.66455429077268,21 Years and 4 Months,No,226.89279192154316,215.19351594560425,High_spent_Small_value_payments,802.3004421328528,Good
February,23,Doctor,114838.41,9843.8675,2,5,7,3,"Personal Loan, Debt Consolidation Loan, and Auto Loan",14,8,_,3.0,Good,1377.74,27.62632548676964,21 Years and 5 Months,NM,226.89279192154316,212.23560220847847,High_spent_Large_value_payments,785.2583558699787,Good
March,23,Doctor,114838.41_,,2,5,7,3,"Personal Loan, Debt Consolidation Loan, and Auto Loan",11,11,_,3.0,Good,1377.74,35.14156730186042,21 Years and 6 Months,NM,226.89279192154316,470.3857956796373,High_spent_Small_value_payments,547.1081623988198,Good
April,23,Doctor,114838.41,,2,5,7,3,"Personal Loan, Debt Consolidation Loan, and Auto Loan",11,14,8.24,8.0,Good,1377.74,30.4590318418306,21 Years and 7 Months,No,226.89279192154316,225.08204945419,!@9#%8,772.411908624267,Good
May,23,Doctor,114838.41,9843.8675,2,5,7,3,"Personal Loan, Debt Consolidation Loan, and Auto Loan",11,11,11.24,8.0,Good,1377.74,29.819186633421047,21 Years and 8 Months,No,226.89279192154316,649.8093641841638,High_spent_Small_value_payments,367.6845938942932,Standard
June,24,Doctor,114838.41,9843.8675,2,5,7,3,"Personal Loan, Debt Consolidation Loan, and Auto Loan",13,14,8.24,8.0,_,1377.74,26.114213868949623,21 Years and 9 Months,NM,226.89279192154316,546.3805705230692,!@9#%8,491.11338755538793,Good
July,24,Doctor,114838.41,9843.8675,2,5,7,3,"Personal Loan, Debt Consolidation Loan, and Auto Loan",11,,8.24,8.0,Good,1377.74,31.76751564697107,21 Years and 10 Months,No,226.89279192154316,215.4682977385688,High_spent_Medium_value_payments,792.0256603398883,Good
August,24_,Doctor,114838.41,9843.8675,2,5,7,3,"Personal Loan, Debt Consolidation Loan, and Auto Loan",11,11,8.24,8.0,Good,1377.74,27.813353640375272,21 Years and 11 Months,No,226.89279192154316,254.57176724837916,High_spent_Large_value_payments,742.9221908300779,Standard
January,44,Journalist,31370.8,2825.233333333333,0,5,12,2,"Not Specified, and Payday Loan",4,0,5.76,2.0,Good,421.43,29.51935255713933,,NM,46.616129073342066,154.352781097101,High_spent_Small_value_payments,341.55442316289026,Good
February,44,Journalist,31370.8,2825.233333333333,1,6,12,2,"Not Specified, and Payday Loan",2,0,-1.2400000000000002,2.0,Good,421.43,28.22048095698559,26 Years and 6 Months,No,46.616129073342066,298.7444693112266,Low_spent_Small_value_payments,227.1627349487646,Good
March,44,Journalist,31370.8,2825.233333333333,1,6,12,2,"Not Specified, and Payday Loan",-2,0,1.7599999999999998,5.0,Good,421.43,31.04641790511995,26 Years and 7 Months,No,46.616129073342066,140.8206959818371,Low_spent_Medium_value_payments,375.0865082781542,Good
April,44,Journalist,31370.8,2825.233333333333,1,6,12,2,"Not Specified, and Payday Loan",1,0,5.76,5.0,_,421.43,30.1680304036694,26 Years and 8 Months,No,46.616129073342066,233.6055264233428,Low_spent_Small_value_payments,292.3016778366485,Good
May,44,Journalist,31370.8,2825.233333333333,1,6,12,2,"Not Specified, and Payday Loan",1,0,5.76,5.0,_,421.43,25.18923173183331,26 Years and 9 Months,No,16415.0,184.70057162057685,Low_spent_Small_value_payments,341.20663263941435,Good
June,44,Journalist,31370.8,2825.233333333333,1,6,12,2,"Not Specified, and Payday Loan",1,0,5.76,5.0,Good,421.43,25.502468550245663,,No,46.616129073342066,137.71742489512621,Low_spent_Medium_value_payments,378.18977936486505,Good
July,45,Journalist,31370.8,2825.233333333333,1,6,12,-100,"Not Specified, and Payday Loan",-1,2,5.76,5.0,Good,421.43,22.762202172732568,26 Years and 11 Months,No,46.616129073342066,188.3949004901688,Low_spent_Small_value_payments,337.51230376982244,Good
August,45,Journalist,31370.8,,1,6,12,2,"Not Specified, and Payday Loan",-2,2,5.76,5.0,_,421.43,37.56505276771999,27 Years and 0 Months,No,46.616129073342066,252.6448271968889,Low_spent_Small_value_payments,273.2623770631024,Good
January,40,Teacher,33751.27,2948.605833333333,5,5,20,3_,"Credit-Builder Loan, Personal Loan, and Auto Loan",16,20,11.0,4.0,Standard,1328.93,37.08907564543987,19 Years and 2 Months,NM,65.00817428651536,117.30669710658556,High_spent_Medium_value_payments,362.5457119402324,Standard
February,40,Teacher,33751.27,2948.605833333333,5,5,20,3,"Credit-Builder Loan, Personal Loan, and Auto Loan",16,20,11.0,4.0,Standard,1328.93,30.908080633467584,19 Years and 3 Months,Yes,65.00817428651536,70.13107792087979,High_spent_Large_value_payments,399.7213311259382,Standard
March,40,_______,33751.27,,5,5,20,3,"Credit-Builder Loan, Personal Loan, and Auto Loan",16,20,11.0,8.0,Standard,1328.93,38.03072168039317,19 Years and 4 Months,Yes,65.00817428651536,270.18258222151513,Low_spent_Large_value_payments,229.6698268253028,Standard
April,40,Teacher,33751.27,2948.605833333333,5,5,20,3,"Credit-Builder Loan, Personal Loan, and Auto Loan",17,22,11.0,8.0,Standard,1328.93,23.40441277698757,19 Years and 5 Months,Yes,65.00817428651536,25.192561910314712,High_spent_Large_value_payments,444.6598471365032,Standard
May,40,Teacher,33751.27,2948.605833333333,5,5,20,3_,"Credit-Builder Loan, Personal Loan, and Auto Loan",16,20,8.0,8.0,Standard,1328.93,29.073758182245705,19 Years and 6 Months,Yes,65.00817428651536,243.32968479530567,Low_spent_Small_value_payments,276.5227242515123,Standard
June,40,Teacher,33751.27,2948.605833333333,5,5,20,3,"Credit-Builder Loan, Personal Loan, and Auto Loan",16,20,11.0,8.0,Standard,1328.93,32.78263672653516,19 Years and 7 Months,Yes,65.00817428651536,72.86008181289458,High_spent_Medium_value_payments,406.9923272339233,Standard
July,40,Teacher,33751.27,2948.605833333333,5,5,20,3,"Credit-Builder Loan, Personal Loan, and Auto Loan",16,20,11.0,8.0,Standard,1328.93,35.58400504980836,19 Years and 8 Months,Yes,65.00817428651536,35.427169541683696,!@9#%8,444.4252395051343,Standard
August,41,Teacher,33751.27,2948.605833333333,5,5,20,3,"Credit-Builder Loan, Personal Loan, and Auto Loan",16,17,11.0,8.0,Standard,1328.93_,31.13948358493632,,Yes,65.00817428651536,25.969611914778515,High_spent_Large_value_payments,443.88279713203934,Standard
January,32,Engineer,88640.24,7266.686666666667,3,6,1,2,"Payday Loan, and Payday Loan",-1,0,3.51,3.0,Good,950.36,28.210617211444603,25 Years and 5 Months,No,135.17337097171767,98.93176402067013,High_spent_Large_value_payments,732.563531674279,Standard
February,33_,Engineer,88640.24,7266.686666666667,3,6,433,2,"Payday Loan, and Payday Loan",4,2,3.51,3.0,Good,950.36,41.036168282350594,25 Years and 6 Months,NM,135.17337097171767,157.174788304235,High_spent_Large_value_payments,674.3205073907143,Good
March,33,Engineer,88640.24,7266.686666666667,3,6,1,2,"Payday Loan, and Payday Loan",4,0,3.51,3.0,Good,950.36,34.670194379227716,25 Years and 7 Months,No,135.17337097171767,298.1889114624804,High_spent_Medium_value_payments,543.3063842324688,Standard
April,33,Engineer,88640.24,7266.686666666667,3,6,1,2,"Payday Loan, and Payday Loan",4,2,3.51,3.0,Good,950.36,31.828535574846637,25 Years and 8 Months,No,135.17337097171767,,Low_spent_Small_value_payments,86.63611982901625,Standard
May,33,Engineer,88640.24,7266.686666666667,3,6,1,2,"Payday Loan, and Payday Loan",4,2,3.51,3.0,Good,950.36,34.702836927947075,25 Years and 9 Months,No,135.17337097171767,279.61862207772435,High_spent_Medium_value_payments,561.8766736172248,Good
June,33,Engineer,88640.24,7266.686666666667,3,6,1,2,"Payday Loan, and Payday Loan",4,0,3.51,3.0,Good,950.36,38.32363895436978,25 Years and 10 Months,No,135.17337097171767,686.1262165951837,Low_spent_Small_value_payments,195.36907909976551,Good
July,33,Engineer,88640.24_,,3,6,1,2_,"Payday Loan, and Payday Loan",4,2,3.51,3.0,_,950.36,25.97917280396149,25 Years and 11 Months,No,80357.0,164.0748218779106,High_spent_Large_value_payments,667.4204738170387,Good
August,33,Engineer,88640.24,7266.686666666667,3,6,1,2,"Payday Loan, and Payday Loan",-1,,3.51,3.0,Good,950.36,30.87079911079545,26 Years and 0 Months,No,135.17337097171767,98.44195128223792,High_spent_Large_value_payments,733.0533444127112,Good
January,35,Entrepreneur,54392.16,4766.68,6,4,14,3,"Not Specified, Student Loan, and Personal Loan",10,8,5.54,3.0,Standard,179.22,25.649246067243418,26 Years and 10 Months,Yes,124.39208242092045,243.73543739209438,Low_spent_Large_value_payments,378.54048018698535,Standard
February,35_,Entrepreneur,54392.16,4766.68,6,4,14,3,"Not Specified, Student Loan, and Personal Loan",10,10,4.54,3.0,Standard,179.22,29.40877527612245,26 Years and 11 Months,Yes,124.39208242092045,142.75186411942676,High_spent_Medium_value_payments,459.52405345965286,Standard
March,35,Entrepreneur,54392.16_,,6,4,14,3,"Not Specified, Student Loan, and Personal Loan",15,11,5.54,3.0,_,179.22,31.25892846912917,27 Years and 0 Months,NM,124.39208242092045,33.349568589344514,High_spent_Large_value_payments,558.9263489897351,Standard
April,35,Entrepreneur,54392.16,4766.68,6,4,14,3,"Not Specified, Student Loan, and Personal Loan",10,7,0.54,3.0,Standard,179.22,27.192587405326012,27 Years and 1 Months,Yes,124.39208242092045,494.8422277056662,Low_spent_Small_value_payments,147.43368987341347,Standard
May,35,Entrepreneur,54392.16,4766.68,6,4,14,3,"Not Specified, Student Loan, and Personal Loan",10,8,11.54,3.0,Standard,179.22,34.59532445612005,27 Years and 2 Months,Yes,124.39208242092045,233.1184454152274,Low_spent_Small_value_payments,409.15747216385233,Standard
June,35,Entrepreneur,54392.16,4766.68,6,4,14,3,"Not Specified, Student Loan, and Personal Loan",10,8,5.54,3.0,_,179.22,23.195025404792624,27 Years and 3 Months,Yes,124.39208242092045,635.1465605054178,Low_spent_Small_value_payments,7.129357073661937,Standard
July,36,Entrepreneur,54392.16,4766.68,6,4,14,3,"Not Specified, Student Loan, and Personal Loan",10,8,5.54,7.0,Standard,179.22,35.112531991297786,27 Years and 4 Months,Yes,124.39208242092045,158.11240346721374,Low_spent_Large_value_payments,464.1635141118658,Standard
August,36,Entrepreneur,54392.16,4766.68,6,4,14,3,"Not Specified, Student Loan, and Personal Loan",10,8,5.54,7.0,Standard,179.22,32.8788050668308,27 Years and 5 Months,Yes,124.39208242092045,495.1178978821161,Low_spent_Small_value_payments,147.15801969696355,Standard
January,39,Manager,8701.545,,6,5,32,7,"Personal Loan, Payday Loan, Student Loan, Auto Loan, Home Equity Loan, Student Loan, and Payday Loan",23,9,8.86,6.0,_,2602.69,24.523163853918167,8 Years and 11 Months,Yes,36.54819717138717,13.066209919444336,Low_spent_Large_value_payments,272.2984679091685,Poor
February,39,Manager,8701.545,519.12875,6,5,32,7,"Personal Loan, Payday Loan, Student Loan, Auto Loan, Home Equity Loan, Student Loan, and Payday Loan",23,9,8.86,6.0,Standard,2602.69,39.90251759709182,9 Years and 0 Months,Yes,36.54819717138717,34.71516393565097,Low_spent_Large_value_payments,250.64951389296183,Poor
March,39,Manager,8701.545_,519.12875,6,5,32,7,"Personal Loan, Payday Loan, Student Loan, Auto Loan, Home Equity Loan, Student Loan, and Payday Loan",23,,8.86,6.0,Standard,2602.69,36.47591386327275,9 Years and 1 Months,NM,36.54819717138717,45.6509755447516,Low_spent_Large_value_payments,239.71370228386124,Poor
April,39,Manager,8701.545,519.12875,6,5,32,7,"Personal Loan, Payday Loan, Student Loan, Auto Loan, Home Equity Loan, Student Loan, and Payday Loan",22,7,8.86,6.0,Standard,2602.69,32.09749227865355,9 Years and 2 Months,Yes,36.54819717138717,20.390183876957128,Low_spent_Small_value_payments,284.9744939516557,Poor
May,39,Manager,8701.545,519.12875,6,5,32,7,"Personal Loan, Payday Loan, Student Loan, Auto Loan, Home Equity Loan, Student Loan, and Payday Loan",22,9,8.86,6.0,Standard,2602.69,37.16937449181635,9 Years and 3 Months,Yes,36.54819717138717,50.486952198712274,Low_spent_Small_value_payments,254.87772562990057,Poor
June,39,Manager,8701.545,519.12875,6,5,32,7,"Personal Loan, Payday Loan, Student Loan, Auto Loan, Home Equity Loan, Student Loan, and Payday Loan",23,6,_,6.0,Standard,2602.69,28.570031407996353,9 Years and 4 Months,Yes,36.54819717138717,52.931613407134115,Low_spent_Medium_value_payments,242.43306442147872,Poor
July,39,Manager,8701.545,,6,5,32,7,"Personal Loan, Payday Loan, Student Loan, Auto Loan, Home Equity Loan, Student Loan, and Payday Loan",21,9,_,9.0,Standard,2602.69,38.46541540543407,,Yes,36.54819717138717,30.471806299271933,Low_spent_Medium_value_payments,264.8928715293409,Poor
August,39,Manager,8701.545_,519.12875,6,5,32,7,"Personal Loan, Payday Loan, Student Loan, Auto Loan, Home Equity Loan, Student Loan, and Payday Loan",23,9,8.86,9.0,Standard,2602.69,28.815537059010616,9 Years and 6 Months,NM,36.54819717138717,,Low_spent_Small_value_payments,264.7720511316515,Poor
January,36,Entrepreneur,25546.26,2415.855,8,7,14,5,"Not Specified, Student Loan, Student Loan, Credit-Builder Loan, and Auto Loan",16,14,7.83,5.0,Standard,758.44,37.41820916883601,18 Years and 2 Months,NM,101.3286373638512,53.104599112612064,High_spent_Medium_value_payments,337.1522635235368,Standard
February,-500,Entrepreneur,25546.26,,8,7,14,5,"Not Specified, Student Loan, Student Loan, Credit-Builder Loan, and Auto Loan",16,13,7.83,,Standard,758.44,29.711375540929513,18 Years and 3 Months,Yes,101.3286373638512,300.32323168069064,Low_spent_Small_value_payments,129.9336309554582,Standard
March,37,Entrepreneur,25546.26,2415.855,8,7,14,5,"Not Specified, Student Loan, Student Loan, Credit-Builder Loan, and Auto Loan",16,10,7.83,5.0,Standard,758.44,25.413616742350907,18 Years and 4 Months,Yes,101.3286373638512,91.21658676189335,Low_spent_Large_value_payments,319.0402758742555,Standard
April,37,Entrepreneur,25546.26_,2415.855,8,7,14,5,"Not Specified, Student Loan, Student Loan, Credit-Builder Loan, and Auto Loan",16,10,7.83,,Standard,758.44,35.946278218900645,18 Years and 5 Months,Yes,101.3286373638512,83.7147504914459,High_spent_Medium_value_payments,306.54211214470297,Standard
May,37,Entrepreneur,25546.26,2415.855,8,7,14,5,"Not Specified, Student Loan, Student Loan, Credit-Builder Loan, and Auto Loan",16,13,7.83,5.0,_,758.44,28.2774200145778,18 Years and 6 Months,Yes,101.3286373638512,311.99934746655674,Low_spent_Small_value_payments,118.2575151695921,Standard
June,37,Entrepreneur,25546.26,2415.855,8,7,14,5,"Not Specified, Student Loan, Student Loan, Credit-Builder Loan, and Auto Loan",16,10,7.83,5.0,_,758.44,34.58659948959524,,Yes,101.3286373638512,61.7307484719951,High_spent_Small_value_payments,338.52611416415374,Standard
July,37,Entrepreneur,25546.26,2415.855,8,7,14,5,"Not Specified, Student Loan, Student Loan, Credit-Builder Loan, and Auto Loan",16,14,10.83,5.0,Standard,758.44,30.099067241911712,18 Years and 8 Months,Yes,101.3286373638512,130.30039377019006,Low_spent_Small_value_payments,299.9564688659588,Standard
August,37,Entrepreneur,25546.26,2415.855,8,7,14,5_,"Not Specified, Student Loan, Student Loan, Credit-Builder Loan, and Auto Loan",15,13_,7.83,5.0,Standard,758.44,39.33348789822524,18 Years and 9 Months,Yes,101.3286373638512,189.81586133347676,Low_spent_Medium_value_payments,230.44100130267208,Standard
January,30,Scientist,31993.78,2942.148333333333,6,6,7,2,"Payday Loan, and Home Equity Loan",8,14,6.28,0.0,Standard,818.22,25.36959679239191,16 Years and 10 Months,Yes,45.14129822463578,81.99883505710139,Low_spent_Medium_value_payments,447.0747000515962,Standard
February,30,Scientist,31993.78,2942.148333333333,6,6,7,2,"Payday Loan, and Home Equity Loan",12,14,6.28,0.0,Standard,818.22,37.958569410003335,16 Years and 11 Months,Yes,45.14129822463578,__10000__,Low_spent_Small_value_payments,157.86980351234496,Standard
March,181,Scientist,31993.78,2942.148333333333,6,6,7,2,"Payday Loan, and Home Equity Loan",8,14,10.28,1.0,Standard,818.22,27.38010904580052,17 Years and 0 Months,Yes,45.14129822463578,264.25708850339777,Low_spent_Small_value_payments,274.8164466052998,Standard
April,30_,Scientist,31993.78,2942.148333333333,6,6,7,2,"Payday Loan, and Home Equity Loan",8,14,6.28,1.0,_,818.22,34.15826211876792,17 Years and 1 Months,Yes,45.14129822463578,152.4523258823164,Low_spent_Medium_value_payments,376.6212092263812,Standard
May,30,Scientist,31993.78,2942.148333333333,6,6,7,2,"Payday Loan, and Home Equity Loan",8,14_,6.28,1.0,Standard,818.22,30.788038803709785,17 Years and 2 Months,Yes,45.14129822463578,43.470408666891174,High_spent_Medium_value_payments,455.6031264418064,Standard
June,31,Scientist,31993.78,,6,6,7,2_,"Payday Loan, and Home Equity Loan",8,14,6.28,1.0,Standard,818.22,34.280968719435315,17 Years and 3 Months,Yes,45.14129822463578,112.7238874320964,High_spent_Small_value_payments,396.3496476766012,Standard
July,31,Scientist,31993.78,,6,6,7,-100,"Payday Loan, and Home Equity Loan",8,16,6.28,1.0,Standard,818.22,29.50345426644775,17 Years and 4 Months,Yes,45.14129822463578,104.55723619082673,High_spent_Small_value_payments,404.5162989178708,Standard
August,31,Scientist,31993.78,2942.148333333333,6,6,7,2,"Payday Loan, and Home Equity Loan",8,16,6.28,1.0,Standard,818.22,36.012793772472094,17 Years and 5 Months,Yes,45.14129822463578,97.58820324481087,Low_spent_Large_value_payments,421.4853318638867,Standard
January,20,Accountant,92047.08,,6,7,16,0,,16,11,9.13,0.0,Standard,1296.64,37.11561494309292,29 Years and 2 Months,Yes,0.0,154.6341231395093,!@9#%8,854.5248768604907,Standard
February,20,Accountant,92047.08_,7591.59,6,7,16,0,,16,11,9.13,4.0,Standard,1296.64,39.46775837121139,29 Years and 3 Months,Yes,0.0,710.4953806729873,Low_spent_Medium_value_payments,328.66361932701284,Standard
March,20,Accountant,92047.08,7591.59,6,7,16,0,,18,11,9.13,4.0,_,1296.64,27.792788363714145,29 Years and 4 Months,Yes,0.0,175.4456226582996,High_spent_Large_value_payments,823.7133773417005,Standard
April,20,Accountant,92047.08,7591.59,6,7,16,0_,,16,11,9.13,4.0,Standard,1296.64,42.944681681740505,,Yes,0.0,120.90755376622221,High_spent_Large_value_payments,878.2514462337779,Poor
May,20,Accountant,92047.08,7591.59,6,7,16,0,,16,8,9.13,4.0,Standard,1296.64,34.3576502428514,29 Years and 6 Months,NM,0.0,78.71934549426288,High_spent_Large_value_payments,920.4396545057372,Poor
June,20,Accountant,92047.08,7591.59,6,7,16,0,,16,13,13.13,4.0,Standard,1296.64,28.776937743887977,,Yes,0.0,266.5850272142179,Low_spent_Small_value_payments,782.5739727857823,Poor
July,20,Accountant,92047.08,7591.59,6,7,16,0,,16,10,9.13,4.0,_,1296.64,40.75852163733138,29 Years and 8 Months,Yes,0.0,59.28557022863863,High_spent_Large_value_payments,939.8734297713614,Poor
August,20,Accountant,92047.08,7591.59,6,7,16,0,,16,11,9.13,4.0,Standard,1296.64,27.727646781775498,29 Years and 9 Months,Yes,0.0,268.0846032992916,Low_spent_Large_value_payments,761.0743967007086,Poor
January,45,Teacher,32284.62,2898.385,6,7,17,6,"Credit-Builder Loan, Not Specified, Mortgage Loan, Payday Loan, Credit-Builder Loan, and Personal Loan",11,12,9.22,8.0,Standard,1283.37,28.940892588545452,6 Years and 5 Months,Yes,103.03756035536594,254.86161508896942,Low_spent_Medium_value_payments,211.93932455566463,Standard
February,46,Teacher,32284.62,2898.385,6,7,17,6,"Credit-Builder Loan, Not Specified, Mortgage Loan, Payday Loan, Credit-Builder Loan, and Personal Loan",11,12,9.22,8.0,Standard,1283.37,27.86131019311364,6 Years and 6 Months,Yes,103.03756035536594,103.21030741657007,Low_spent_Large_value_payments,353.59063222806395,Standard
March,46,Teacher,32284.62,2898.385,6,7,17,6,"Credit-Builder Loan, Not Specified, Mortgage Loan, Payday Loan, Credit-Builder Loan, and Personal Loan",10,12,9.22,8.0,Standard,1283.37,27.88169704475605,6 Years and 7 Months,Yes,103.03756035536594,35.793568414159616,High_spent_Large_value_payments,391.00737123047446,Standard
April,46,Teacher,32284.62,2898.385,6,7,17,6,"Credit-Builder Loan, Not Specified, Mortgage Loan, Payday Loan, Credit-Builder Loan, and Personal Loan",11,12,9.22,8.0,Standard,1283.37,38.39455822201335,6 Years and 8 Months,Yes,103.03756035536594,280.21825375922106,Low_spent_Small_value_payments,196.582685885413,Standard
May,46,Teacher,32284.62,2898.385,6,7,17,6,"Credit-Builder Loan, Not Specified, Mortgage Loan, Payday Loan, Credit-Builder Loan, and Personal Loan",15,,8.22,10.0,_,1283.37,33.23978443489355,6 Years and 9 Months,Yes,103.03756035536594,154.0197492180297,High_spent_Small_value_payments,292.7811904266044,Standard
June,46,Teacher,32284.62,2898.385,6,7,17,6,"Credit-Builder Loan, Not Specified, Mortgage Loan, Payday Loan, Credit-Builder Loan, and Personal Loan",11,12_,8.22,10.0,Standard,1283.37,26.874467413543886,6 Years and 10 Months,Yes,103.03756035536594,272.2735499123763,Low_spent_Small_value_payments,204.52738973225772,Standard
July,46,Teacher,32284.62,2898.385,6,7,17,6,"Credit-Builder Loan, Not Specified, Mortgage Loan, Payday Loan, Credit-Builder Loan, and Personal Loan",7,,9.22,10.0,Standard,1283.37_,24.205533202276374,6 Years and 11 Months,Yes,103.03756035536594,__10000__,Low_spent_Small_value_payments,85.90209492602362,Standard
August,46,Teacher,32284.62,2898.385,6,7,17,6,"Credit-Builder Loan, Not Specified, Mortgage Loan, Payday Loan, Credit-Builder Loan, and Personal Loan",13,12,2.2200000000000006,10.0,Standard,1283.37,27.930123710625228,7 Years and 0 Months,Yes,103.03756035536594,359.7718322852988,Low_spent_Small_value_payments,117.02910735933534,Standard
January,26,Musician,97791.42,8079.285,6,6,12,0_,,18,8,17.92,1.0,Standard,107.41,25.71557884311532,27 Years and 2 Months,Yes,0.0,451.24651936958776,Low_spent_Small_value_payments,646.6819806304122,Standard
February,26,Musician,97791.42,8079.285,6,6,12,0,,18,8,11.920000000000002,1.0,_,107.41,28.711202517052943,27 Years and 3 Months,Yes,0.0,322.7203197056673,Low_spent_Large_value_payments,755.2081802943327,Standard
March,26,Musician,97791.42,8079.285,6,6,12,0,,18,7,17.92,1.0,_,107.41,34.92287233220604,27 Years and 4 Months,Yes,0.0,176.26422577485542,High_spent_Medium_value_payments,881.6642742251445,Standard
April,26,Musician,97791.42,,6,6,12,0,,19,8,15.920000000000002,1.0,Standard,107.41,26.51363149248924,27 Years and 5 Months,Yes,629.8156531464217,499.24501998175833,Low_spent_Medium_value_payments,588.6834800182418,Good
May,26,Musician,97791.42,7449.469346853578,6,6,12,0,,18,,17.92,1.0,_,107.41,38.64911430691306,27 Years and 6 Months,Yes,629.8156531464217,77.60922833984066,High_spent_Large_value_payments,970.3192716601592,Good
June,26,Musician,97791.42,7449.469346853578,6,6,12,0,,16,8,17.92,1.0,Standard,107.41,44.676888593962104,27 Years and 7 Months,Yes,629.8156531464217,108.30393861997324,High_spent_Large_value_payments,939.6245613800266,Good
July,26,Musician,97791.42,7449.469346853578,6,6,12,0,,18,8,13.920000000000002,1.0,Standard,107.41,28.807349824215013,27 Years and 8 Months,Yes,629.8156531464217,743.540801271909,!@9#%8,334.38769872809104,Standard
August,26,Musician,97791.42_,7449.469346853578,6,6,12,0,,18,8,17.92,1.0,Standard,107.41,33.89444259920451,27 Years and 9 Months,Yes,629.8156531464217,110.31820362533672,High_spent_Medium_value_payments,947.6102963746632,Good
January,31,Entrepreneur,19300.34,1512.361666666667,6,7,17,5,"Mortgage Loan, Debt Consolidation Loan, Payday Loan, Auto Loan, and Not Specified",52,,9.95,7.0,Bad,2430.21,29.934185732751413,18 Years and 2 Months,Yes,49.57206224445275,79.17641583265376,Low_spent_Small_value_payments,312.48768858956015,Poor
February,31,Entrepreneur,19300.34,1512.361666666667,6,7,17,5,"Mortgage Loan, Debt Consolidation Loan, Payday Loan, Auto Loan, and Not Specified",51,18,9.95,7.0,Bad,2430.21,36.6412035787929,18 Years and 3 Months,NM,49.57206224445275,55.29821298839304,High_spent_Small_value_payments,306.3658914338209,Poor
March,31,Entrepreneur,19300.34,1512.361666666667,6,7,17,5,"Mortgage Loan, Debt Consolidation Loan, Payday Loan, Auto Loan, and Not Specified",48,19,15.95,7.0,_,2430.21,37.62486247304565,,Yes,49.57206224445275,140.81859591726788,Low_spent_Large_value_payments,230.84550850494605,Poor
April,31,Entrepreneur,19300.34,1512.361666666667,6,7,17,5,"Mortgage Loan, Debt Consolidation Loan, Payday Loan, Auto Loan, and Not Specified",51,19,9.95,7.0,Bad,2430.21,28.870386917234462,18 Years and 5 Months,Yes,49.57206224445275,61.428029874778424,High_spent_Small_value_payments,300.23607454743546,Standard
May,32,Entrepreneur,19300.34,1512.361666666667,6,7,17,5,"Mortgage Loan, Debt Consolidation Loan, Payday Loan, Auto Loan, and Not Specified",51,19,9.95,7.0,Bad,2430.21,28.05884596384257,,Yes,49.57206224445275,173.0425507765921,Low_spent_Small_value_payments,218.62155364562184,Poor
June,32,_______,19300.34,1512.361666666667,6,1029,17,5,"Mortgage Loan, Debt Consolidation Loan, Payday Loan, Auto Loan, and Not Specified",51,17,9.95,8.0,Bad,2430.21,25.84779062032988,18 Years and 7 Months,Yes,49.57206224445275,83.44744882880191,Low_spent_Large_value_payments,288.21665559341204,Poor
July,32,Entrepreneur,19300.34,,6,7,17,5_,"Mortgage Loan, Debt Consolidation Loan, Payday Loan, Auto Loan, and Not Specified",51,19,8.95,8.0,_,2430.21,25.84314493873217,18 Years and 8 Months,Yes,56566.0,120.9754898578697,Low_spent_Large_value_payments,250.68861456434425,Poor
August,32,Entrepreneur,19300.34,1512.361666666667,6,7,17,5,"Mortgage Loan, Debt Consolidation Loan, Payday Loan, Auto Loan, and Not Specified",53,19,9.95,8.0,Bad,2430.21,23.70919322410504,18 Years and 9 Months,Yes,49.57206224445275,118.1855506983746,Low_spent_Medium_value_payments,263.4785537238393,Standard
January,41,Musician,19514.88,1828.24,7,5,17,0,,30,12,4.17,2.0,_,881.4,26.084542750932684,19 Years and 3 Months,NM,0.0,50.14372713919671,High_spent_Medium_value_payments,382.6802728608033,Standard
February,41,Musician,19514.88,1828.24,7,5,17,0,,30,14,4.17,2.0,_,881.4,25.665856781285065,19 Years and 4 Months,No,0.0,__10000__,High_spent_Large_value_payments,381.8960652385857,Standard
March,41,Musician,19514.88,1828.24,7,5,17,0,,30,12,4.17,2.0,Standard,881.4,33.66946005394869,19 Years and 5 Months,No,0.0,43.315824459505386,High_spent_Medium_value_payments,389.5081755404946,Standard
April,41,Musician,19514.88,1828.24,7,488,17,0,,30,12,4.17,2.0,Standard,881.4,34.503707241298585,19 Years and 6 Months,No,0.0,45.388820313894996,High_spent_Medium_value_payments,387.43517968610496,Poor
May,41,Musician,19514.88,,7,5,17,0,,30,,4.17,2.0,Standard,881.4,41.17638419789344,19 Years and 7 Months,No,0.0,168.34146287619103,Low_spent_Small_value_payments,304.48253712380904,Poor
June,41,_______,19514.88,,7,5,17,0,,30,12,4.17,2.0,Standard,881.4,38.78807246113495,19 Years and 8 Months,No,0.0,151.3776397937309,Low_spent_Small_value_payments,321.4463602062691,Poor
July,41,Musician,19514.88,1828.24,7,5,17,0,,30,15,4.17,2.0,Standard,881.4,27.182482771287628,19 Years and 9 Months,No,0.0,184.63115997411617,Low_spent_Medium_value_payments,278.1928400258838,Poor
August,41,Musician,19514.88,,7,5,5240,0,,26,11,4.17,4.0,_,881.4,28.781887776659712,19 Years and 10 Months,No,0.0,99.1415414879628,High_spent_Small_value_payments,343.6824585120372,Poor
January,41,Media_Manager,10183.015,,7,5,17,5,"Credit-Builder Loan, Mortgage Loan, Mortgage Loan, Credit-Builder Loan, and Student Loan",48,,8.969999999999997,6.0,Bad,1672.43,25.951272885300533,10 Years and 1 Months,Yes,37.58807283812568,14.622739235117402,High_spent_Large_value_payments,295.2476462600903,Poor
February,41,Media_Manager,10183.015,1074.5845833333333,7,5,17,5,"Credit-Builder Loan, Mortgage Loan, Mortgage Loan, Credit-Builder Loan, and Student Loan",48,18,7.97,6.0,Bad,1672.43,32.38559762083814,10 Years and 2 Months,NM,37.58807283812568,92.36195001929579,Low_spent_Small_value_payments,267.5084354759118,Poor
March,41,Media_Manager,10183.015,1074.5845833333333,7,5,17,5,"Credit-Builder Loan, Mortgage Loan, Mortgage Loan, Credit-Builder Loan, and Student Loan",48,23,7.97,6.0,Bad,1672.43,23.731347914755407,10 Years and 3 Months,Yes,37.58807283812568,91.88397193610828,Low_spent_Small_value_payments,267.9864135590994,Poor
April,41,Media_Manager,10183.015,1074.5845833333333,7,5,17,5,"Credit-Builder Loan, Mortgage Loan, Mortgage Loan, Credit-Builder Loan, and Student Loan",43,20,7.97,6.0,_,1672.43,27.61417777754393,10 Years and 4 Months,Yes,37.58807283812568,46.8104157513052,High_spent_Small_value_payments,283.0599697439025,Standard
May,41,Media_Manager,10183.015,1074.5845833333333,7,5,17,5,"Credit-Builder Loan, Mortgage Loan, Mortgage Loan, Credit-Builder Loan, and Student Loan",51,,7.97,6.0,Bad,1672.43,32.29348991062007,10 Years and 5 Months,Yes,37.58807283812568,65.83126164076859,!@9#%8,294.03912385443914,Poor
June,42,_______,10183.015,1074.5845833333333,7,5,17,5,"Credit-Builder Loan, Mortgage Loan, Mortgage Loan, Credit-Builder Loan, and Student Loan",48,24,10.97,1050.0,Bad,1672.43,25.105402554318484,10 Years and 6 Months,Yes,37.58807283812568,73.89986104079846,Low_spent_Small_value_payments,285.9705244544092,Poor
July,42,Media_Manager,10183.015,1074.5845833333333,7,5,17,5,"Credit-Builder Loan, Mortgage Loan, Mortgage Loan, Credit-Builder Loan, and Student Loan",52,21,7.97,6.0,_,1672.43,24.713823993258373,10 Years and 7 Months,Yes,37.58807283812568,61.863727578026115,Low_spent_Small_value_payments,298.00665791718154,Poor
August,42,Media_Manager,10183.015_,1074.5845833333333,7,5,17,5,"Credit-Builder Loan, Mortgage Loan, Mortgage Loan, Credit-Builder Loan, and Student Loan",48,21,7.97,6.0,Bad,1672.43,36.83702882243363,10 Years and 8 Months,Yes,37.58807283812568,71.12274735436063,Low_spent_Small_value_payments,288.747638140847,Poor
January,19,Entrepreneur,106733.13,8873.4275,4,4,1,0,,10,8_,0.86,0.0,_,76.23,29.815895626895166,32 Years and 9 Months,No,0.0,388.36035366098815,Low_spent_Large_value_payments,768.9823963390119,Good
February,20,Entrepreneur,106733.13,8873.4275,4,4,1,0,,5,7,_,0.0,_,76.23,28.108086289939237,32 Years and 10 Months,No,0.0,807.2067768357648,Low_spent_Small_value_payments,370.1359731642354,Good
March,20,Entrepreneur,106733.13,8873.4275,4,4,4975,0,,2,6,0.86,0.0,Good,76.23,42.070458602150005,32 Years and 11 Months,No,0.0,172.03282853259896,High_spent_Large_value_payments,955.3099214674012,Good
April,20,Entrepreneur,106733.13,,4,4,1,0,,5,7,-4.14,0.0,Good,76.23,25.84254793986021,33 Years and 0 Months,No,0.0,644.2873937406405,Low_spent_Large_value_payments,513.0553562593595,Good
May,20,Entrepreneur,106733.13_,8873.4275,4,4,1,-100,,5,6,0.86,0.0,Good,76.23,28.8205537792444,33 Years and 1 Months,No,0.0,345.60913541068396,High_spent_Medium_value_payments,791.733614589316,Good
June,20,Entrepreneur,106733.13,8873.4275,4,4,1,0,,5,6,-0.14,0.0,Good,76.23,31.72760359530652,,No,0.0,,High_spent_Medium_value_payments,913.0316546874346,Standard
July,20,Entrepreneur,106733.13,8873.4275,4,4,1,0,,9,4,0.86,1.0,_,76.23,43.6651184057441,,No,0.0,191.03537260177933,High_spent_Large_value_payments,936.3073773982208,Standard
August,20,Entrepreneur,106733.13,8873.4275,4,4,1,0,,7,6,0.86,1.0,Good,76.23,39.24363977621796,33 Years and 4 Months,No,0.0,384.7637247797149,!@9#%8,792.5790252202852,Standard
January,31_,Lawyer,12600.445,782.0370833333334,5,5,10,-100,"Not Specified, Student Loan, and Student Loan",28,19,15.79,7.0,_,569.8,33.07588356651339,12 Years and 3 Months,Yes,26.060347529205966,0.0,High_spent_Large_value_payments,284.2982044805207,Standard
February,31,Lawyer,12600.445,782.0370833333334,5,5,10,-100,"Not Specified, Student Loan, and Student Loan",25,18,15.79,7.0,Standard,569.8,38.15374125597254,12 Years and 4 Months,Yes,26.060347529205966,103.15861791443639,Low_spent_Small_value_payments,238.98474288969095,Standard
March,31,Lawyer,12600.445,782.0370833333334,5,5,10,3,"Not Specified, Student Loan, and Student Loan",25,16,15.79,7.0,Standard,569.8,23.17983273627976,12 Years and 5 Months,Yes,26.060347529205966,32.02630794260436,Low_spent_Small_value_payments,310.117052861523,Standard
April,32,_______,12600.445,782.0370833333334,5,5,10,3,"Not Specified, Student Loan, and Student Loan",25,18,15.79,,Standard,569.8,28.819407058304,12 Years and 6 Months,Yes,33746.0,31.14919791081519,Low_spent_Medium_value_payments,300.9941628933122,Poor
May,32,Lawyer,12600.445_,782.0370833333334,5,5,10,3,"Not Specified, Student Loan, and Student Loan",20,19,15.79,7.0,Standard,569.8,37.24021434251173,12 Years and 7 Months,Yes,26.060347529205966,41.0826367012432,Low_spent_Small_value_payments,301.0607241028842,Poor
June,32,Lawyer,12600.445,782.0370833333334,5,5,10,3,"Not Specified, Student Loan, and Student Loan",25,19,15.79,7.0,Standard,569.8,36.52748004014412,12 Years and 8 Months,Yes,26.060347529205966,48.00806665619237,Low_spent_Small_value_payments,294.135294147935,Poor
July,32,Lawyer,12600.445,782.0370833333334,5,5,10,3,"Not Specified, Student Loan, and Student Loan",25,20,21.79,7.0,Standard,569.8,34.125305925956305,,Yes,26.060347529205966,56.908895859705574,Low_spent_Medium_value_payments,275.2344649444218,Poor
August,32,Lawyer,12600.445,782.0370833333334,5,5,10,3,"Not Specified, Student Loan, and Student Loan",25,19,15.79,11.0,Standard,569.8,31.978873515820705,12 Years and 10 Months,Yes,26.060347529205966,66.37358000122424,Low_spent_Small_value_payments,275.76978080290314,Poor
January,34,Mechanic,57983.12,4720.926666666667,9,8,31,8,"Payday Loan, Not Specified, Credit-Builder Loan, Debt Consolidation Loan, Payday Loan, Not Specified, Student Loan, and Student Loan",47,19,7.27,12.0,Bad,3532.83,32.321769461626175,,Yes,200.43261339470683,265.70621194860047,Low_spent_Small_value_payments,295.95384132335937,Poor
February,34,Mechanic,57983.12,,9,8,31,8,"Payday Loan, Not Specified, Credit-Builder Loan, Debt Consolidation Loan, Payday Loan, Not Specified, Student Loan, and Student Loan",53,21,7.27,1044.0,Bad,3532.83,37.87364186839308,12 Years and 3 Months,Yes,200.43261339470683,193.87337542933238,High_spent_Medium_value_payments,327.78667784262745,Standard
March,34,Mechanic,57983.12,4720.926666666667,9,8,31,8,"Payday Loan, Not Specified, Credit-Builder Loan, Debt Consolidation Loan, Payday Loan, Not Specified, Student Loan, and Student Loan",48,,7.27,17.0,Bad,3532.83,37.81024308787287,12 Years and 4 Months,Yes,200.43261339470683,534.3581783879267,Low_spent_Small_value_payments,27.301874884033168,Poor
April,34,Mechanic,57983.12,,9,8,31,8,"Payday Loan, Not Specified, Credit-Builder Loan, Debt Consolidation Loan, Payday Loan, Not Specified, Student Loan, and Student Loan",48,22,7.27,17.0,_,3532.83,32.56739683731984,12 Years and 5 Months,Yes,200.43261339470683,197.64049552810002,High_spent_Medium_value_payments,324.0195577438599,Poor
May,34,Mechanic,57983.12,4720.926666666667,9,8,31,8,"Payday Loan, Not Specified, Credit-Builder Loan, Debt Consolidation Loan, Payday Loan, Not Specified, Student Loan, and Student Loan",48,21,10.27,17.0,Bad,3532.83,37.28428974024728,12 Years and 6 Months,Yes,200.43261339470683,205.25015227427863,Low_spent_Small_value_payments,356.4099009976813,Poor
June,34,Mechanic,57983.12_,4720.926666666667,9,8,31,8,"Payday Loan, Not Specified, Credit-Builder Loan, Debt Consolidation Loan, Payday Loan, Not Specified, Student Loan, and Student Loan",46,21,7.27,17.0,Bad,3532.83,35.25737829905026,12 Years and 7 Months,Yes,200.43261339470683,626.869242023209,Low_spent_Small_value_payments,,Standard
July,34,Mechanic,57983.12,4720.926666666667,9,8,31,8,"Payday Loan, Not Specified, Credit-Builder Loan, Debt Consolidation Loan, Payday Loan, Not Specified, Student Loan, and Student Loan",49,21,7.27,1936.0,Bad,3532.83,24.63149693005803,12 Years and 8 Months,Yes,200.43261339470683,234.73204010983818,Low_spent_Medium_value_payments,316.9280131621217,Standard
August,34,Mechanic,57983.12,4720.926666666667,9,8,31,8,"Payday Loan, Not Specified, Credit-Builder Loan, Debt Consolidation Loan, Payday Loan, Not Specified, Student Loan, and Student Loan",48,24,7.27,,_,3532.83,24.726351303352537,12 Years and 9 Months,Yes,200.43261339470683,159.13672195005464,High_spent_Medium_value_payments,362.5233313219053,Poor
January,48,Entrepreneur,20787.69,1999.3075,8,6,14,3,"Home Equity Loan, Credit-Builder Loan, and Home Equity Loan",22,14,1.13,3.0,Standard,614.6,23.723185779641085,17 Years and 10 Months,No,42.22199265643221,__10000__,Low_spent_Small_value_payments,253.32562235082096,Standard
February,48,_______,20787.69,1999.3075,8,6,14,3,"Home Equity Loan, Credit-Builder Loan, and Home Equity Loan",24,,1.13,3.0,Standard,614.6,34.235852681958825,17 Years and 11 Months,No,42.22199265643221,82.62718037237505,Low_spent_Large_value_payments,345.0815769711927,Standard
March,48,_______,20787.69,1999.3075,8,6,14,3,"Home Equity Loan, Credit-Builder Loan, and Home Equity Loan",22,,1.13,3.0,Standard,614.6,22.80214523254044,,No,42.22199265643221,110.17209563183977,Low_spent_Small_value_payments,337.53666171172796,Standard
April,48,Entrepreneur,20787.69,,8,6,14,3,"Home Equity Loan, Credit-Builder Loan, and Home Equity Loan",22,12,1.13,3.0,Standard,614.6,37.06719824335469,18 Years and 1 Months,No,42.22199265643221,89.87484896281485,Low_spent_Large_value_payments,337.83390838075286,Standard
May,48,Entrepreneur,20787.69,,8,6,14,3,"Home Equity Loan, Credit-Builder Loan, and Home Equity Loan",22,14,-2.87,3.0,Standard,614.6,29.339029437569323,18 Years and 2 Months,No,42.22199265643221,155.4609440434731,Low_spent_Small_value_payments,292.24781330009466,Standard
June,48,Entrepreneur,20787.69,1999.3075,8,6,14,3,"Home Equity Loan, Credit-Builder Loan, and Home Equity Loan",22,14,1.13,3.0,_,614.6,30.4424252235854,,No,42.22199265643221,28.63736093576957,High_spent_Large_value_payments,369.07139640779815,Standard
July,48,Entrepreneur,20787.69,1999.3075,8,6,14,3,"Home Equity Loan, Credit-Builder Loan, and Home Equity Loan",23,14,1.13,3.0,Standard,614.6,26.11024341981501,,No,42.22199265643221,258.21517380152807,Low_spent_Small_value_payments,189.4935835420397,Standard
August,48,Entrepreneur,20787.69,1999.3075,8,1381,14,3,"Home Equity Loan, Credit-Builder Loan, and Home Equity Loan",22,14,8.129999999999999,3.0,_,614.6,35.344187616472155,18 Years and 5 Months,No,42.22199265643221,21.745531229318935,High_spent_Large_value_payments,375.96322611424887,Standard
January,30,Writer,34290.12,2697.51,9,8,25,7,"Home Equity Loan, Credit-Builder Loan, Credit-Builder Loan, Home Equity Loan, Debt Consolidation Loan, Mortgage Loan, and Auto Loan",52,10,17.96,9.0,Standard,2686.81,39.28029558815228,13 Years and 8 Months,NM,185.1119825795006,248.06995733765262,Low_spent_Large_value_payments,106.56906008284685,Poor
February,30,Writer,34290.12,2697.51,9,8,25,7,"Home Equity Loan, Credit-Builder Loan, Credit-Builder Loan, Home Equity Loan, Debt Consolidation Loan, Mortgage Loan, and Auto Loan",47,,13.96,9.0,Standard,2686.81,27.036842290717487,,NM,185.1119825795006,__10000__,Low_spent_Large_value_payments,196.5585016421765,Standard
March,30,Writer,34290.12,2697.51,9,8,25,7,"Home Equity Loan, Credit-Builder Loan, Credit-Builder Loan, Home Equity Loan, Debt Consolidation Loan, Mortgage Loan, and Auto Loan",52,6,12.96,9.0,_,2686.81,29.01885042597808,,Yes,185.1119825795006,60.589536090880564,High_spent_Medium_value_payments,274.0494813296189,Standard
April,30,Writer,34290.12,,9,8,25,-100,"Home Equity Loan, Credit-Builder Loan, Credit-Builder Loan, Home Equity Loan, Debt Consolidation Loan, Mortgage Loan, and Auto Loan",52,7,13.96,9.0,Standard,2686.81,36.16398913486826,13 Years and 11 Months,NM,185.1119825795006,99.47477403683122,Low_spent_Large_value_payments,255.16424338366824,Poor
May,30,_______,34290.12,2697.51,9,8,25,7,"Home Equity Loan, Credit-Builder Loan, Credit-Builder Loan, Home Equity Loan, Debt Consolidation Loan, Mortgage Loan, and Auto Loan",52,12,13.96,9.0,_,2686.81,33.841866041473175,14 Years and 0 Months,Yes,185.1119825795006,330.071842181316,Low_spent_Small_value_payments,44.56717523918351,Poor
June,30,Writer,34290.12,2697.51,9,8,25,7,"Home Equity Loan, Credit-Builder Loan, Credit-Builder Loan, Home Equity Loan, Debt Consolidation Loan, Mortgage Loan, and Auto Loan",52,12,13.96,9.0,_,2686.81,24.222554856393263,14 Years and 1 Months,Yes,185.1119825795006,108.94691107774382,High_spent_Medium_value_payments,225.6921063427557,Poor
July,30,Writer,34290.12_,2697.51,9,8,25,7,"Home Equity Loan, Credit-Builder Loan, Credit-Builder Loan, Home Equity Loan, Debt Consolidation Loan, Mortgage Loan, and Auto Loan",52,12,13.96,13.0,Standard,2686.81,35.11893274172206,14 Years and 2 Months,Yes,185.1119825795006,224.09320407033417,!@9#%8,150.5458133501653,Standard
August,30,Writer,34290.12,,9,898,25,7,"Home Equity Loan, Credit-Builder Loan, Credit-Builder Loan, Home Equity Loan, Debt Consolidation Loan, Mortgage Loan, and Auto Loan",52,9,13.96,13.0,_,2686.81,36.82064895309465,14 Years and 3 Months,Yes,185.1119825795006,94.91721648288956,High_spent_Small_value_payments,249.72180093760983,Poor
January,32,Accountant,43070.24,,3,3,18,1,Debt Consolidation Loan,11,8,8.97,4.0,Standard,1233.1,27.980700663802914,19 Years and 2 Months,Yes,30.57608482316153,397.00224891024857,Low_spent_Small_value_payments,224.64033293325656,Standard
February,32,Accountant,43070.24_,3622.186666666666,3,3,18,1,Debt Consolidation Loan,13,8,14.97,4.0,Standard,1233.1,28.071291859962397,19 Years and 3 Months,Yes,30.57608482316153,443.9186741720723,Low_spent_Small_value_payments,177.7239076714328,Standard
March,32,Accountant,43070.24,3622.186666666666,3,3,18,1,Debt Consolidation Loan,15,8,12.97,4.0,Standard,1233.1,28.361166154311103,19 Years and 4 Months,Yes,30.57608482316153,50.50914885496671,High_spent_Large_value_payments,521.1334329885384,Standard
April,995,Accountant,43070.24,3622.186666666666,3,3,18,1,Debt Consolidation Loan,11,8,8.97,4.0,Standard,1233.1,24.331771760144264,19 Years and 5 Months,Yes,30.57608482316153,74.92037487328841,High_spent_Medium_value_payments,506.7222069702167,Standard
May,32,Accountant,43070.24,3622.186666666666,3,3,18,1,Debt Consolidation Loan,10,8,8.97,8.0,Standard,1233.1,26.44753733068293,19 Years and 6 Months,Yes,30.57608482316153,178.09535842702488,Low_spent_Large_value_payments,423.54722341648034,Standard
June,32,Accountant,43070.24,3622.186666666666,3,3,18,1,Debt Consolidation Loan,8,8,4.9700000000000015,8.0,Standard,1233.1,39.069843987300096,19 Years and 7 Months,Yes,30.57608482316153,41.33398006254758,High_spent_Large_value_payments,530.3086017809576,Standard
July,32,Accountant,43070.24,3622.186666666666,3,3,18,1,Debt Consolidation Loan,11,8,8.97,8.0,Standard,1233.1,34.718643637980016,19 Years and 8 Months,Yes,30.57608482316153,108.62344689023183,Low_spent_Large_value_payments,493.0191349532733,Standard
August,32,Accountant,43070.24,,3,3,18,-100,Debt Consolidation Loan,11,8,8.97,8.0,Standard,1233.1,26.365699545206407,19 Years and 9 Months,Yes,30.57608482316153,403.5168088509092,!@9#%8,218.125772992596,Standard
January,40,Architect,28572.39,2210.0325,6,3,15,3,"Payday Loan, Not Specified, and Auto Loan",25,12,4.89,0.0,_,400.07,24.422250680362033,30 Years and 3 Months,Yes,69.60292048199007,42.85050714738581,High_spent_Large_value_payments,348.54982237062416,Standard
February,40,Architect,28572.39,2210.0325,6,3,15,3,"Payday Loan, Not Specified, and Auto Loan",25,9,4.89,0.0,Standard,400.07,36.43787041541562,30 Years and 4 Months,NM,69.60292048199007,83.0442090106474,!@9#%8,358.3561205073625,Standard
March,40,_______,28572.39,2210.0325,6,3,15,3,"Payday Loan, Not Specified, and Auto Loan",28,10,4.89,0.0,Standard,400.07,29.323516897407607,30 Years and 5 Months,Yes,69.60292048199007,53.484203285005805,High_spent_Medium_value_payments,347.91612623300415,Standard
April,40_,Architect,28572.39,,6,3,15,3,"Payday Loan, Not Specified, and Auto Loan",25,14,4.89,0.0,_,400.07,34.71456103712383,30 Years and 6 Months,Yes,69.60292048199007,25.99346229581731,High_spent_Medium_value_payments,375.4068672221926,Standard
May,40,Architect,28572.39,,6,3,15,3,"Payday Loan, Not Specified, and Auto Loan",25,12,4.89,2.0,Standard,400.07,37.5045523778052,30 Years and 7 Months,Yes,69.60292048199007,61.628109134830005,High_spent_Medium_value_payments,339.77222038318,Standard
June,40,Architect,28572.39,,6,3,668,3,"Payday Loan, Not Specified, and Auto Loan",25,11,4.89,2.0,Standard,400.07,35.693949403024156,30 Years and 8 Months,Yes,69.60292048199007,129.264834657262,Low_spent_Small_value_payments,312.13549486074794,Standard
July,40,Architect,28572.39,2210.0325,6,3,15,3,"Payday Loan, Not Specified, and Auto Loan",25,13,4.89,2.0,Standard,400.07,35.025882785272486,,Yes,69.60292048199007,76.60780889167367,Low_spent_Small_value_payments,364.7925206263362,Standard
August,40,Architect,6515990.0_,2210.0325,6,3,15,3,"Payday Loan, Not Specified, and Auto Loan",25,12,4.89,2.0,Standard,400.07,23.177617480044173,30 Years and 10 Months,Yes,69.60292048199007,51.83085897154975,High_spent_Large_value_payments,339.5694705464602,Standard
January,37,Manager,39641.54,3007.461666666666,10,8,25,6,"Auto Loan, Student Loan, Payday Loan, Payday Loan, Mortgage Loan, and Debt Consolidation Loan",61,13,1.54,6.0,_,2258.73,34.12570493442336,,Yes,172.38252735862687,246.91502516402176,Low_spent_Large_value_payments,151.44861414401805,Poor
February,37,Manager,39641.54,3007.461666666666,10,8,25,6,"Auto Loan, Student Loan, Payday Loan, Payday Loan, Mortgage Loan, and Debt Consolidation Loan",61,16,1.54,8.0,_,2258.73,33.414598040847395,8 Years and 9 Months,NM,172.38252735862687,236.0775818986983,Low_spent_Large_value_payments,162.28605740934154,Poor
March,37,Manager,39641.54,3007.461666666666,10,8,25,6,"Auto Loan, Student Loan, Payday Loan, Payday Loan, Mortgage Loan, and Debt Consolidation Loan",61,15,1.54,568.0,Bad,2258.73,27.572862899949165,8 Years and 10 Months,Yes,172.38252735862687,198.0421234022212,High_spent_Small_value_payments,190.3215159058186,Poor
April,37,Manager,39641.54_,3007.461666666666,10,8,25,-100,"Auto Loan, Student Loan, Payday Loan, Payday Loan, Mortgage Loan, and Debt Consolidation Loan",61,16,1.54,8.0,Bad,2258.73,32.4134467979176,8 Years and 11 Months,Yes,172.38252735862687,254.0211199377709,Low_spent_Small_value_payments,164.3425193702689,Poor
May,37_,Manager,39641.54_,,10,8,25,6,"Auto Loan, Student Loan, Payday Loan, Payday Loan, Mortgage Loan, and Debt Consolidation Loan",61,16,1.54,8.0,Bad,2258.73,25.98322951266487,9 Years and 0 Months,Yes,172.38252735862687,254.26037253709117,!@9#%8,154.1032667709486,Standard
June,37,Manager,39641.54,3007.461666666666,10,8,25,6,"Auto Loan, Student Loan, Payday Loan, Payday Loan, Mortgage Loan, and Debt Consolidation Loan",61,16,1.54,8.0,Bad,2258.73,27.91283759274986,9 Years and 1 Months,Yes,172.38252735862687,122.14845102419844,Low_spent_Small_value_payments,296.21518828384137,Poor
July,37,Manager,39641.54,3007.461666666666,10,8,25,6,"Auto Loan, Student Loan, Payday Loan, Payday Loan, Mortgage Loan, and Debt Consolidation Loan",61,14,1.54,8.0,Bad,2258.73,23.196508529545326,,Yes,172.38252735862687,160.67254450139754,Low_spent_Large_value_payments,237.6910948066423,Poor
August,38,Manager,39641.54,3007.461666666666,10,8,25,6,"Auto Loan, Student Loan, Payday Loan, Payday Loan, Mortgage Loan, and Debt Consolidation Loan",61,13,-2.46,8.0,Bad,2258.73,34.84904970443735,9 Years and 3 Months,Yes,172.38252735862687,149.26780615872963,Low_spent_Large_value_payments,249.09583314931015,Poor
January,54_,Scientist,20186.02,1684.168333333333,1,5,1,2,"Auto Loan, and Home Equity Loan",5,6,6.83,4.0,_,413.32,35.94290748551229,18 Years and 3 Months,No,29.534583720496048,74.21434055467658,Low_spent_Large_value_payments,334.6679090581607,Good
February,54,Scientist,20186.02,1684.168333333333,1,5,1,2,"Auto Loan, and Home Equity Loan",5,6,0.8300000000000001,,Good,413.32,32.93734625620886,18 Years and 4 Months,NM,14130.0,42.6191420708265,High_spent_Large_value_payments,336.2631075420108,Standard
March,55,Scientist,20186.02,1684.168333333333,1,5,1,2,"Auto Loan, and Home Equity Loan",4,3,6.83,4.0,Good,413.32,31.861736271923107,18 Years and 5 Months,No,29.534583720496048,26.290476621438273,High_spent_Medium_value_payments,362.591772991399,Good
April,5079,Scientist,20186.02,1684.168333333333,1,5,1,2,"Auto Loan, and Home Equity Loan",5,6,_,4.0,Good,413.32,22.74358210427965,18 Years and 6 Months,No,29.534583720496048,104.72383354456407,High_spent_Small_value_payments,294.1584160682732,Good
May,55,Scientist,20186.02,1684.168333333333,1,5,1,2,"Auto Loan, and Home Equity Loan",5,7,6.83,4.0,_,413.32,39.06398122380784,18 Years and 7 Months,No,29.534583720496048,138.80315747514354,Low_spent_Large_value_payments,270.0790921376937,Standard
June,55,Scientist,586359.0,1684.168333333333,1,5,1,2,"Auto Loan, and Home Equity Loan",5,7,6.83,4.0,Good,413.32,28.836349156043873,18 Years and 8 Months,No,29.534583720496048,68.95672493704708,High_spent_Medium_value_payments,319.9255246757902,Good
July,55,Scientist,20186.02,1684.168333333333,1,5,1,2,"Auto Loan, and Home Equity Loan",5,6,6.83,4.0,Good,413.32,36.058697021094275,18 Years and 9 Months,No,5994.0,121.7654262603496,Low_spent_Small_value_payments,307.1168233524877,Standard
August,55,Scientist,20186.02,1684.168333333333,1,5,1,2,"Auto Loan, and Home Equity Loan",5,6,6.83,4.0,Good,413.32,33.75820397193409,,No,29.534583720496048,153.53879644098146,Low_spent_Medium_value_payments,265.3434531718558,Standard
January,43,Musician,18627.64,1387.303333333333,7,7,19,6,"Payday Loan, Not Specified, Student Loan, Credit-Builder Loan, Credit-Builder Loan, and Payday Loan",31,21,_,7.0,Bad,1793.54,38.9796611529839,18 Years and 9 Months,NM,65.13948777561222,48.43998334767114,High_spent_Medium_value_payments,275.15086221005004,Poor
February,43,Musician,18627.64,,7,7,19,6,"Payday Loan, Not Specified, Student Loan, Credit-Builder Loan, Credit-Builder Loan, and Payday Loan",31,21,5.07,7.0,Bad,1793.54,35.030349081579885,18 Years and 10 Months,Yes,65.13948777561222,53.83325980744012,Low_spent_Medium_value_payments,299.757585750281,Poor
March,43,Musician,18627.64,,7,7,19,6,"Payday Loan, Not Specified, Student Loan, Credit-Builder Loan, Credit-Builder Loan, and Payday Loan",31,21,5.07,7.0,Bad,1793.54,27.19720883392748,18 Years and 11 Months,Yes,31551.0,105.14914955564508,Low_spent_Small_value_payments,258.441696002076,Poor
April,43,Musician,18627.64,1387.303333333333,7,7,19,6,"Payday Loan, Not Specified, Student Loan, Credit-Builder Loan, Credit-Builder Loan, and Payday Loan",31,22,5.07,7.0,Bad,1793.54,35.91940492740646,19 Years and 0 Months,Yes,65.13948777561222,75.79138890495672,Low_spent_Medium_value_payments,277.7994566527644,Standard
May,43,Musician,18627.64,,7,7,19,6,"Payday Loan, Not Specified, Student Loan, Credit-Builder Loan, Credit-Builder Loan, and Payday Loan",31,3318,5.07,7.0,Bad,1793.54,25.585205200232163,19 Years and 1 Months,Yes,65.13948777561222,24.34618840548105,High_spent_Large_value_payments,289.24465715224005,Poor
June,43,Musician,18627.64,1387.303333333333,7,7,19,6,"Payday Loan, Not Specified, Student Loan, Credit-Builder Loan, Credit-Builder Loan, and Payday Loan",31,21,6.07,7.0,Bad,1793.54,35.706437003014834,19 Years and 2 Months,Yes,65.13948777561222,109.59203229477613,Low_spent_Medium_value_payments,243.998813262945,Poor
July,43,Musician,18627.64,1387.303333333333,7,7,19,6,"Payday Loan, Not Specified, Student Loan, Credit-Builder Loan, Credit-Builder Loan, and Payday Loan",26,21,_,7.0,Bad,1793.54,23.245481545534325,19 Years and 3 Months,Yes,65.13948777561222,104.22797957897026,Low_spent_Small_value_payments,259.36286597875085,Poor
August,44,Musician,18627.64,1387.303333333333,7,7,19,6,"Payday Loan, Not Specified, Student Loan, Credit-Builder Loan, Credit-Builder Loan, and Payday Loan",31,18,5.07,7.0,Bad,1793.54,38.78895428776155,19 Years and 4 Months,Yes,65.13948777561222,98.80418973887456,Low_spent_Small_value_payments,264.78665581884655,Poor
January,21_,Engineer,12986.745,959.22875,4,3,10,2_,"Mortgage Loan, and Payday Loan",30,14,11.8,5.0,_,1489.49,26.32926887043728,8 Years and 8 Months,Yes,16.719300227776053,16.286719355483015,High_spent_Medium_value_payments,312.91685541674093,Standard
February,21,Engineer,12986.745,959.22875,4,3,10,2,"Mortgage Loan, and Payday Loan",29,17,11.8,7.0,Standard,1489.49,24.61461029221816,8 Years and 9 Months,Yes,16.719300227776053,44.193003447546566,Low_spent_Medium_value_payments,315.0105713246774,Standard
March,21,Engineer,12986.745,959.22875,4,3,10,2,"Mortgage Loan, and Payday Loan",30,20,11.8,7.0,Standard,1489.49,26.15307797968565,8 Years and 10 Months,Yes,16.719300227776053,47.266680510662326,Low_spent_Medium_value_payments,311.93689426156163,Standard
April,21,_______,12986.745,959.22875,4,3,10,2,"Mortgage Loan, and Payday Loan",30,15,11.8,7.0,Standard,1489.49,31.78179827243648,8 Years and 11 Months,Yes,16.719300227776053,76.3552778113165,Low_spent_Large_value_payments,272.84829696090753,Standard
May,22,Engineer,12986.745,959.22875,4,3,10,2,"Mortgage Loan, and Payday Loan",30,18,16.8,7.0,Standard,1489.49,37.661505448797726,9 Years and 0 Months,Yes,16.719300227776053,72.34651350481404,Low_spent_Small_value_payments,296.85706126740985,Standard
June,22,Engineer,12986.745,,4,3,10,2,"Mortgage Loan, and Payday Loan",30,17,11.8,7.0,Standard,1489.49,26.50747449505761,9 Years and 1 Months,Yes,16.719300227776053,111.25763046793648,Low_spent_Small_value_payments,257.9459443042875,Standard
July,22,Engineer,12986.745,959.22875,4,3,10,2,"Mortgage Loan, and Payday Loan",28,20,11.8,7.0,_,1489.49,30.469981621915608,9 Years and 2 Months,Yes,16.719300227776053,46.74959035828726,Low_spent_Small_value_payments,322.45398441393667,Standard
August,22,Engineer,12986.745,959.22875,4,3,10,2,"Mortgage Loan, and Payday Loan",28,17,11.8,7.0,Standard,1489.49,32.25544266260322,9 Years and 3 Months,Yes,16.719300227776053,91.82948180540613,Low_spent_Small_value_payments,277.37409296681784,Standard
January,43,Writer,58317.0,4664.75,8,5,9,6,"Mortgage Loan, Personal Loan, Home Equity Loan, Personal Loan, Mortgage Loan, and Personal Loan",18,17,16.58,6.0,Standard,98.97,40.4111148274711,13 Years and 1 Months,Yes,149.89719942100822,109.48894961827229,!@9#%8,467.0888509607195,Standard
February,43,Writer,58317.0,4664.75,8,5,9,6,"Mortgage Loan, Personal Loan, Home Equity Loan, Personal Loan, Mortgage Loan, and Personal Loan",18,20,16.58,6.0,Standard,98.97,27.806917787306933,13 Years and 2 Months,Yes,149.89719942100822,83.30040818642512,High_spent_Medium_value_payments,483.2773923925665,Standard
March,44,Writer,58317.0,,8,5,9,6,"Mortgage Loan, Personal Loan, Home Equity Loan, Personal Loan, Mortgage Loan, and Personal Loan",16,20,10.579999999999998,6.0,_,98.97,25.83210889641537,13 Years and 3 Months,Yes,149.89719942100822,57.95122336180115,High_spent_Large_value_payments,498.6265772171906,Standard
April,44,Writer,58317.0,,1414,5,9,6,"Mortgage Loan, Personal Loan, Home Equity Loan, Personal Loan, Mortgage Loan, and Personal Loan",18,23,23.58,10.0,Standard,98.97,29.766106857365408,,Yes,149.89719942100822,158.64827595455043,High_spent_Medium_value_payments,407.9295246244412,Standard
May,44,Writer,58317.0,4664.75,8,5,9,6,"Mortgage Loan, Personal Loan, Home Equity Loan, Personal Loan, Mortgage Loan, and Personal Loan",18,20,22.58,,Standard,98.97,34.192304393976734,13 Years and 5 Months,Yes,149.89719942100822,180.83057335204728,Low_spent_Medium_value_payments,415.7472272269445,Standard
June,44,Writer,58317.0,4664.75,8,5,9,6,"Mortgage Loan, Personal Loan, Home Equity Loan, Personal Loan, Mortgage Loan, and Personal Loan",18,,16.58,10.0,Standard,98.97,24.665525197204826,13 Years and 6 Months,Yes,149.89719942100822,98.88050778293751,High_spent_Medium_value_payments,467.6972927960543,Standard
July,44,Writer,58317.0,4664.75,8,5,9,6,"Mortgage Loan, Personal Loan, Home Equity Loan, Personal Loan, Mortgage Loan, and Personal Loan",18,20,21.58,10.0,Standard,98.97,28.260146747054986,13 Years and 7 Months,Yes,149.89719942100822,380.5857010101063,Low_spent_Medium_value_payments,215.9920995688854,Standard
August,44,Writer,58317.0,4664.75,8,5,9,6,"Mortgage Loan, Personal Loan, Home Equity Loan, Personal Loan, Mortgage Loan, and Personal Loan",22,,16.58,10.0,Standard,98.97,36.76366452604633,13 Years and 8 Months,Yes,149.89719942100822,59.955987495996,High_spent_Medium_value_payments,506.62181308299586,Standard
January,36,Scientist,42171.98,,2,7,10,3,"Auto Loan, Auto Loan, and Not Specified",4,10,9.58,4.0,Good,556.91,33.47895196844123,21 Years and 5 Months,No,102.7629131170904,56.711376692459666,High_spent_Medium_value_payments,466.95887685711665,Standard
February,36,Scientist,42171.98,3764.331666666667,2,7,10,3,"Auto Loan, Auto Loan, and Not Specified",4,8,2.58,4.0,Good,556.91,26.986114755563673,21 Years and 6 Months,No,102.7629131170904,136.98300144734569,Low_spent_Small_value_payments,426.6872521022305,Standard
March,37,Scientist,42171.98,3764.331666666667,2,7,10,3,"Auto Loan, Auto Loan, and Not Specified",4,,2.58,4.0,Good,556.91,40.150582768507526,21 Years and 7 Months,NM,102.7629131170904,97.5667563136885,!@9#%8,446.1034972358877,Standard
April,37,Scientist,42171.98,,2,7,10,3,"Auto Loan, Auto Loan, and Not Specified",2,10,2.58,4.0,Good,556.91,34.42998587408374,21 Years and 8 Months,No,102.7629131170904,255.76582841793282,Low_spent_Large_value_payments,287.9044251316435,Good
May,37,Scientist,42171.98,3764.331666666667,2,7,10,3,"Auto Loan, Auto Loan, and Not Specified",4,10,2.58,4.0,Good,556.91,31.745213385009905,21 Years and 9 Months,No,102.7629131170904,150.3131869839959,!@9#%8,373.3570665655803,Good
June,37_,Scientist,42171.98,3764.331666666667,2,7,10,3,"Auto Loan, Auto Loan, and Not Specified",2,10,2.58,4.0,_,556.91,29.46412057567319,21 Years and 10 Months,NM,102.7629131170904,82.51039863115369,High_spent_Small_value_payments,451.15985491842264,Good
July,37,Scientist,42171.98,3764.331666666667,2,7,10,3,"Auto Loan, Auto Loan, and Not Specified",4,10,2.58,4.0,Good,556.91,38.69215906784695,,No,102.7629131170904,82.5798021342212,High_spent_Large_value_payments,431.0904514153552,Good
August,37,Scientist,42171.98,,2,7,10,3,"Auto Loan, Auto Loan, and Not Specified",4,10,2.58,4.0,Good,556.91,35.96285294028673,22 Years and 0 Months,No,102.7629131170904,145.39924253815036,High_spent_Medium_value_payments,378.27101101142586,Standard
January,36,Manager,71681.4,5799.45,3,518,15,1,Not Specified,7,8,10.44,,_,1293.02,40.339024289653345,25 Years and 7 Months,Yes,53.92351397165268,301.2920819088937,Low_spent_Small_value_payments,514.7294041194536,Standard
February,36,Manager,71681.4,5799.45,3,6,15,1,Not Specified,8,6,10.44,0.0,Standard,1293.02,29.682953869716,25 Years and 8 Months,Yes,53.92351397165268,137.33114262036042,High_spent_Medium_value_payments,638.6903434079869,Standard
March,36,Manager,71681.4,5799.45,3,6,15,1,Not Specified,8,10,10.44,0.0,Standard,1293.02,29.371396475591713,25 Years and 9 Months,Yes,53.92351397165268,253.31972193677208,Low_spent_Small_value_payments,562.7017640915751,Standard
April,36,Manager,71681.4,5799.45,3,6,15,1,Not Specified,4,8,10.44,0.0,Standard,1293.02,33.041498963387184,25 Years and 10 Months,Yes,53.92351397165268,120.89014204533736,High_spent_Large_value_payments,645.13134398301,Good
May,36,Manager,71681.4,5799.45,3,6,15,1,Not Specified,8,3083,10.44,0.0,Standard,1293.02,40.79113730976767,25 Years and 11 Months,Yes,53.92351397165268,__10000__,!@9#%8,358.0953999823698,Good
June,36,Manager,71681.4,5799.45,3,6,15,1,Not Specified,5,6,10.44,0.0,Standard,1293.02,34.983562067394985,26 Years and 0 Months,Yes,53.92351397165268,414.896549383656,Low_spent_Medium_value_payments,391.1249366446912,Good
July,36,Manager,71681.4,5799.45,3,6,15,1,Not Specified,8,10,4.44,0.0,_,1293.02,32.733732776648026,26 Years and 1 Months,Yes,53.92351397165268,,High_spent_Large_value_payments,642.6718243437651,Good
August,36,Manager,71681.4,5799.45,3,6,15,1,Not Specified,8,8,10.44,0.0,Standard,1293.02,38.23451377496931,26 Years and 2 Months,NM,53.92351397165268,295.81189599421316,Low_spent_Medium_value_payments,510.20959003413424,Good
January,6409,Mechanic,29469.98,2227.8316666666665,1231,7,24,5,"Personal Loan, Credit-Builder Loan, Debt Consolidation Loan, Not Specified, and Not Specified",53,21,26.94,11.0,_,3421.66,24.63965802618602,,Yes,69.68545857227979,59.825596124675045,!@9#%8,363.27211196971183,Standard
February,-500,Mechanic,29469.98,2227.8316666666665,7,7,24,5,"Personal Loan, Credit-Builder Loan, Debt Consolidation Loan, Not Specified, and Not Specified",50,18,22.94,,Bad,3421.66,30.26841052887284,13 Years and 3 Months,NM,69.68545857227979,125.49176826031132,High_spent_Small_value_payments,287.6059398340756,Standard
March,16,Mechanic,29469.98,2227.8316666666665,7,7,24,-100,"Personal Loan, Credit-Builder Loan, Debt Consolidation Loan, Not Specified, and Not Specified",53,24,27.94,11.0,_,3421.66,31.212268791470517,13 Years and 4 Months,Yes,69.68545857227979,32.70665182089997,High_spent_Large_value_payments,360.39105627348687,Standard
April,16,Mechanic,29469.98,2227.8316666666665,7,7,24,5,"Personal Loan, Credit-Builder Loan, Debt Consolidation Loan, Not Specified, and Not Specified",53,21,26.94,11.0,Bad,3421.66,33.298654305420385,13 Years and 5 Months,Yes,69.68545857227979,27.250794632521444,High_spent_Medium_value_payments,375.84691346186537,Poor
May,16,Mechanic,29469.98,2227.8316666666665,7,7,24,5,"Personal Loan, Credit-Builder Loan, Debt Consolidation Loan, Not Specified, and Not Specified",53,21,26.94,11.0,Bad,3421.66,38.177310964520885,13 Years and 6 Months,Yes,69.68545857227979,71.26438577406131,Low_spent_Medium_value_payments,361.8333223203256,Poor
June,16,Mechanic,29469.98_,,7,7,24,5,"Personal Loan, Credit-Builder Loan, Debt Consolidation Loan, Not Specified, and Not Specified",53,21,27.94,11.0,Bad,3421.66,30.986998144545613,13 Years and 7 Months,Yes,69.68545857227979,117.31031613952459,Low_spent_Small_value_payments,325.7873919548623,Poor
July,16,Mechanic,29469.98,,7,7,24,5,"Personal Loan, Credit-Builder Loan, Debt Consolidation Loan, Not Specified, and Not Specified",58,24,26.94,11.0,Bad,3421.66,33.283061301535405,13 Years and 8 Months,Yes,69.68545857227979,115.45341572596944,Low_spent_Small_value_payments,327.64429236841744,Poor
August,16,Mechanic,29469.98,2227.8316666666665,7,7,24,5,"Personal Loan, Credit-Builder Loan, Debt Consolidation Loan, Not Specified, and Not Specified",53,21,26.94,11.0,Bad,3421.66,32.96295024281038,13 Years and 9 Months,Yes,69.68545857227979,24.066131449353737,High_spent_Medium_value_payments,379.0315766450331,Poor
January,19,Engineer,72559.36,6284.613333333334,4,5,17,4,"Home Equity Loan, Mortgage Loan, Credit-Builder Loan, and Payday Loan",14,21,2.74,1.0,Standard,1173.7,23.282135114409623,27 Years and 11 Months,No,215.83917063897172,565.7433852667033,Low_spent_Large_value_payments,116.87877742765828,Standard
February,19,Engineer,72559.36,,4,5,17,4,"Home Equity Loan, Mortgage Loan, Credit-Builder Loan, and Payday Loan",14,22,2.74,1.0,Standard,1173.7,38.35585257476065,28 Years and 0 Months,No,215.83917063897172,205.72098995441291,High_spent_Medium_value_payments,456.90117273994866,Standard
March,20,Engineer,72559.36,6284.613333333334,4,5,17,4,"Home Equity Loan, Mortgage Loan, Credit-Builder Loan, and Payday Loan",18,22_,-4.26,1.0,_,1173.7,25.560099272529627,28 Years and 1 Months,NM,215.83917063897172,370.46997417803266,Low_spent_Medium_value_payments,322.152188516329,Standard
April,20,_______,72559.36,,4,5,17,4,"Home Equity Loan, Mortgage Loan, Credit-Builder Loan, and Payday Loan",14,18,_,1.0,_,1173.7,36.63682650700103,28 Years and 2 Months,No,215.83917063897172,298.6987124670099,Low_spent_Medium_value_payments,393.92345022735185,Standard
